start	end	text
0	4000	Das glaube ich erst, wenn ich es mit meinen eigenen Augen gesehen habe.
4000	7000	Du meinst, es besteht noch Hoffnung?
7000	12000	Hoffnung liegt uns Radiomachern im Blut, weißt du?
12000	15000	Und an deinem Omulett sehe ich, dass du einer von uns bist.
15000	17000	Negi, das ist mir egal.
17000	19000	Ich habe keine Hoffnung.
19000	21000	Ich habe keine Hoffnung.
21000	23000	Ich habe keine Hoffnung.
23000	25000	Ich habe keine Hoffnung.
25000	27000	Ich habe keine Hoffnung.
27000	29000	Ich habe keine Hoffnung.
29000	32000	Negi, das Mikro ist nicht von mir.
32000	33000	Das habe ich von meinen Eltern.
33000	34000	Pass auf, Junge.
34000	37000	Ich kann dir da eine Geschichte erzählen.
42000	54000	Der Lebensstrom, er fließt durch mich, durch dich, durch alle Lebewesen fließt der Lebensstrom.
54000	60000	Aber nicht nur durch das Leben, sondern auch durch die Zeit.
60000	68000	Die Vergangenheit, die Zukunft, die Gegenwart.
68000	72000	Heute wollen wir in die Vergangenheit schauen.
72000	79000	Eine ferne Vergangenheit, die der Lebensstrom gespeichert hat.
79000	84000	In der Vergangenheit war eine große Universität.
109000	113000	Die Vergangenheit war eine große Universität.
113000	117000	In der Vergangenheit war eine große Universität.
117000	121000	In der Vergangenheit war eine große Universität.
121000	125000	In der Vergangenheit war eine große Universität.
125000	129000	In der Vergangenheit war eine große Universität.
129000	133000	In der Vergangenheit war eine große Universität.
133000	137000	In der Vergangenheit war eine große Universität.
137000	141000	In der Vergangenheit war eine große Universität.
141000	145000	In der Vergangenheit war eine große Universität.
145000	149000	In der Vergangenheit war eine große Universität.
149000	153000	In der Vergangenheit war eine große Universität.
153000	157000	In der Vergangenheit war eine große Universität.
157000	161000	In der Vergangenheit war eine große Universität.
161000	166000	Ein junger Professor und er war in Aufbruchstimmung.
166000	169000	So, also, habe ich jetzt auch alles?
169000	173000	Meine Zahnbürste, meinen Reisepass habe ich auch.
173000	175000	Aber irgendwas fehlt noch, irgendwas fehlt noch.
175000	178000	Ah, meinen Socken, wo ist mein Socken?
185000	189000	Schön einpacken, einpacken, ganz wichtig.
189000	192000	So, aber wofür packe ich jetzt eigentlich nochmal?
192000	195000	Ach, das Gedächtnis, das Gedächtnis.
195000	198000	Ach, stimmt, ich wollte in den Nordkrater fliegen.
198000	201000	Habe ich meinen Reisepass dabei?
201000	204000	Ja, auch da.
204000	206000	Wofür?
206000	208000	Ach ja, Nordkrater.
208000	211000	Da kommt nämlich die Musik her, habe ich gehört.
211000	214000	Das muss unbedingt erforscht werden.
214000	218000	Das wird ein schönes Thema für meine Dessertation.
218000	221000	So, und jetzt auf zur Musik.
221000	227000	Herr Professor, wo wollen Sie hin, Cooper?
227000	231000	Ich habe ein ganz wichtiges Forschungsprojekt im Nordkrater.
231000	234000	Im Nordkrater, Cooper?
234000	236000	Ja, genau im Nordkrater.
236000	238000	Da habe ich ganz viele Informationen schon dazu gesammelt.
238000	240000	Da kommt nämlich die Musik her.
240000	243000	Da habe ich auch ganz explizit sehr glaubwürdige Informanten dazu befragt.
243000	246000	Die Musik, Cooper.
247000	253000	Nun ja, na ja, Sie können ja forschen, über was Sie wollen.
253000	262000	Aber was ich nicht dulden kann, ist, dass nach wie vor kein Radiostudententeam bei Ihnen bestanden hat.
262000	264000	Die waren halt alle zu schlecht.
264000	267000	Sie haben sie ja nicht mal angehört, Cooper.
267000	276000	Vor Ihrer Abreise, Cooper, verlange ich, dass Sie wenigstens einem Radiostudententeam den Abschluss geben.
276000	283000	Cooper, das macht sich sonst sehr schlecht für unsere Universitätsstatistik.
283000	290000	Unsere Radiouniversität ist schließlich, Cooper, weltweit bekannt.
290000	291000	Cooper?
291000	292000	Ja, mein Direktor Dampelmog.
292000	294000	Ich musste unbedingt ganz dringend dahin.
294000	296000	Am Ende ist die Musik weg.
296000	298000	Herr Professor, Cooper.
298000	301000	Ja, na gut, wenn es sein muss.
304000	307000	Schön, dass wir uns alle hier eingefunden haben.
307000	312000	Auf Anraten unseres Direktors Dampelmog.
312000	314000	Sehr richtig, ja, ja, Cooper.
314000	325000	Möchte, muss ich mir heute Ihre konstruktiven Beiträge anhören, um Ihnen die Möglichkeit Ihres Abschlusses zu gewähren.
325000	328000	Wir haben vorab Ihnen alle Nummern zugeteilt.
328000	331000	Diese werden nun der Reihe nach ausgerufen.
331000	334000	Wir fangen vorne an bei der Einsch.
334000	335000	Bitte schön.
336000	340000	Wahoo, it's me, DJ Mario.
340000	343000	Willkommen beim Super Mario Radio.
343000	346000	Mario, willst du dir deinen Bruder vorstellen?
346000	350000	Ah, si, si, si, hier ist mein Bruder, MC Luigi.
350000	351000	Hallo, Luigi.
351000	352000	It's me.
352000	354000	Wir spielen ganz viele Nintendo-Songs.
354000	356000	Nintendo, Mario, Fischball.
356000	357000	Woohoo.
358000	360000	Bringt ihm ein Lächeln auf eure Gesichter.
360000	361000	Wahoo.
361000	365000	Und nun spielen wir das Prinzessenswitch-Thema.
365000	367000	Wahoo.
375000	376000	Oh nein.
376000	378000	Bruder Luigi.
378000	379000	Das Bowser.
379000	382000	Das steht als Prinzessenswitch-Thema.
382000	383000	Oh nein.
383000	384000	Nicht schon.
384000	385000	Mamma mia.
385000	386000	Nicht schon wieder.
386000	387000	Komm, Yoshi, komm.
387000	392000	Ich werde auf dich reiten und Prinzessenswitch-Thema retten.
392000	393000	Komm, los.
393000	395000	Los, Yoshi, reiten.
395000	397000	Ja, reiten macht Spaß.
397000	398000	Si, si, jaja.
398000	399000	Was ist denn mit mir?
399000	401000	Oh, Luigi, tut mir leid.
401000	402000	Du bist blöd.
402000	403000	Wahoo.
405000	408000	Nein, nein, nein.
408000	410000	Viel zu laut, viel zu schrecklich.
410000	412000	Nummer zwei, bitte dran.
412000	417000	Willkommen beim Banker-Radio mit Herrn Bär und Herrn Bulle.
417000	421000	Auch von meiner Seite aus ein herzliches Willkommen zu unserer heutigen Diskussion.
421000	423000	Und zwar geht es um das Thema ...
423000	427000	... der Schwarzsinn in den letzten 35 Jahren.
427000	429000	Ein großer Vergleich.
429000	434000	Mein Research-Team hat herausgefunden, dass es hier bei dem Schwarzsinn eine stetige Auf- und Abwärtstendenz gab
434000	440000	zwischen den unterschiedlichen Jahren, je nachdem, wie sich das split zwischen den Staaten des Wutai-Konglomerals
440000	444000	in Verhältnis zur Rewadiszenz der Shinra-Dividende ergeben hat.
444000	446000	Das ist völlig unsinnig.
446000	456000	Mein Equity-Capital-Markets-Team hat herausgefunden, dass der Spread zwischen der Wutai-Aktie und dem Shinra-Konzern eine völlig gegensätzliche ...
456000	458000	Nein, nein, nein.
458000	459000	Nicht so ein kauter Wild.
459000	461000	Nein, um Gottes Willen.
461000	462000	Bitte die Nächsten.
462000	463000	Nein.
465000	469000	Acapella!
469000	471000	Acapella Radio!
478000	481000	Acapella Radio!
481000	484000	Jeder mag es und hört so gern zu.
484000	488000	Wir spielen Musik nur auf selbstgemachtem Mund.
488000	491000	Nur der Mund macht die Musik.
491000	495000	Acapella Radio!
495000	497000	Das war scheiße!
497000	499000	Die Nächsten.
499000	501000	Oh nein, oh nein, oh nein.
501000	503000	Die Engel, sie greifen an.
503000	506000	Und mein Vater möchte, dass ich das Lied abspiele, damit ich endlich die Engel besiege.
506000	508000	Aber ich will nicht auf meinen Vater hören.
508000	510000	Ich will nicht unter meinem Vater stehen.
510000	511000	Ich hasse meinen Vater.
511000	512000	Okasa, ich hasse dich.
512000	513000	Ich hasse dich.
513000	514000	Ich hasse dich.
514000	515000	Ich hasse dich.
516000	518000	Aber ich will auch Sex mit meiner Mutter haben.
518000	520000	Okasa, Okasa, Okasa.
521000	522000	Aber die Engel, sie kommen mal näher.
522000	524000	Nein, ich will das Lied nicht spielen.
524000	526000	Aber wenn ich das Lied nicht spiele, ist die Menschheit zerstört.
526000	528000	Aber die Menschheit, die Vollkommenheit der Menschheit.
528000	530000	Alles ist eins und alles ist...
530000	531000	Jeder hasst mich.
531000	532000	Jeder hasst mich.
532000	534000	Mama, Okasa.
534000	535000	Nächster.
535000	537000	Um Gottes Willen, Nächster.
538000	541000	Ich bin DJ Satan.
541000	545000	Und ihr seid hier bei Metal Radio.
545000	551000	Ich bin direkt mit meiner Crowd vom Kalm Open Air zurückgekommen.
551000	557000	Mit Berichten, um euch von den geilen Bands dort zu erzählen.
557000	563000	Nach diversen Crowd Surfs, Mosh Pits und überrannten Wall of Deaths
563000	570000	sind wir nach 20 Kästen Bier pro Tag endlich wieder hier.
570000	574000	Und machen euch nun die Hölle auf Erden.
575000	577000	Viel zu laut, viel zu laut.
577000	579000	Meine Ohren, meine Ohren.
579000	581000	Bitte die nächsten.
581000	583000	Aua.
590000	594000	Hallo Pokefreunde, hier sind wir beim Poke Radio.
594000	596000	Oh, oh, was ist das?
596000	597000	Es ist ein Pokemon.
597000	599000	Was sagt denn mein Pokedex?
599000	604000	Katze, Katze, Katze, Katze, Katze, Katze, Katze.
604000	609000	Katze, dieses Pokemon ist flauschig und niedlich.
609000	610000	Katze.
610000	615000	Es spielt gerne mit Wollknäulen und hat eine plattgedrückte Münze auf dem Kopf.
615000	616000	Katze.
616000	618000	Oh mein Gott, es ist ein seltenes Katze.
618000	620000	Ich muss das unbedingt fangen.
620000	622000	Pokeball, Flieg und Sieg.
622000	623000	Katze.
623000	626000	Yeah, ich habe Katze gefangen.
626000	627000	Oh, Katze.
627000	628000	Waffe.
633000	635000	Jetzt gibt es Ärger.
635000	637000	Und es kommt noch härter.
637000	640000	Wir wollen über jeden regieren.
640000	643000	Und unseren eigenen Staat kreieren.
643000	645000	Liebe und Wahrheit verurteilen wir.
645000	649000	Mehr und mehr macht das, wollen wir.
649000	650000	Dizzy.
650000	652000	Und James.
652000	655000	Gemeinsam sind wir, Team Rakete, so schnell wie das Licht.
655000	659000	Ergibt Liebe auf und bekämpft uns nicht.
659000	661000	Katze, genau.
661000	664000	Nein, nein, falsches Spiel, falscher Verlag.
664000	665000	Nein.
665000	667000	Bitte nur noch eins für heute.
667000	670000	Ich halte das sonst nicht mehr durch.
670000	672000	Ja, hallo Leute.
672000	675000	Ich bin DJ Don.
675000	678000	Und neben mir ist mein Partner.
678000	679000	MC Sid.
679000	680000	Yeah, MC Sid.
680000	684000	Und wir haben jetzt hier das FFM-Radio.
684000	686000	Final Fantasy.
686000	689000	Ja, Final Fantasy M-Radio.
689000	691000	Wir wollen nämlich Musik spielen.
691000	692000	Von Final Fantasy?
692000	693000	Von Final Fantasy.
693000	696000	Also, die sind ja ganz viele Lieder von Nobuo Matsu.
696000	698000	Der hat die komponiert.
698000	699000	Das ist unser großes Idol.
699000	700000	Ja, genau.
700000	703000	Und deswegen wollen wir ein Radio auf die Beine stellen,
703000	706000	wo wir viel reden über Final Fantasy.
706000	708000	Und über Nobuo.
708000	709000	Genau, über Nobuo.
709000	712000	Und spielen Musik von Nobuo.
712000	714000	Nobuo ist nämlich ziemlich cool, finden wir.
714000	715000	Aber vielleicht nicht nur.
715000	716000	Vielleicht nur jedes fünfte Lied.
716000	717000	Ja, vielleicht.
717000	718000	Ja, eben.
718000	720000	Das wissen wir noch nicht so ganz genau, wie wir das dann machen.
720000	721000	Aber es wird ziemlich cool werden.
721000	723000	Also Final Fantasy ist super.
723000	725000	Danke, ist okay.
725000	726000	Ihr seid durch.
726000	727000	Ihr habt euren Abschluss.
727000	728000	Und gehabt euch wohl.
728000	730000	Ich muss zum Nordkrater.
730000	733000	Moment, Professor Kubo.
733000	736000	Haben Sie nicht etwas vergessen?
736000	737000	Was denn?
737000	738000	Ich muss zum Nordkrater.
738000	743000	Sie sollten noch die Abschlusszeremonie vollführen, Kubo.
743000	745000	Ach, das jetzt auch noch.
756000	763000	Ihr Jungs, ihr habt einen super Dienst der Radiouniversität erwiesen.
763000	769000	Ich freue mich euch hiermit feierlich, euch dieses Abschlussmikrofon überreichen zu dürfen.
769000	771000	Das Abschlussmikrofon.
771000	773000	Das kriegen wir immer nur die Jahre.
773000	774000	Das Beste.
774000	775000	Wir haben es geschafft.
775000	776000	Wir sind die Besten.
776000	778000	Ihr seid der Radio-Moderator.
778000	782000	Also, ich wünsche euch jetzt viel Spaß bei eurer Moderator-Karriere.
782000	784000	Endlich bin ich euch los.
784000	786000	Ich bin jetzt am Nordkrater.
786000	787000	Tschüss.
787000	788000	Volle Kanne heute.
788000	789000	Volle Kanne heute.
789000	791000	Ja, nein, sorry.
819000	820000	Hallo.
820000	821000	Hallo.
821000	822000	Hallo.
822000	823000	Hallo.
823000	824000	Hallo.
824000	825000	Hallo.
825000	826000	Hallo.
826000	827000	Hallo.
827000	828000	Hallo.
828000	829000	Hallo.
829000	830000	Hallo.
830000	831000	Hallo.
831000	832000	Hallo.
832000	833000	Hallo.
833000	834000	Hallo.
834000	835000	Hallo.
835000	836000	Hallo.
836000	837000	Hallo.
837000	838000	Hallo.
868000	869000	Hallo.
869000	870000	Hallo.
870000	871000	Hallo.
871000	872000	Hallo.
872000	873000	Hallo.
873000	874000	Hallo.
874000	875000	Hallo.
875000	876000	Hallo.
876000	877000	Hallo.
877000	878000	Hallo.
878000	879000	Hallo.
879000	880000	Hallo.
880000	881000	Hallo.
881000	882000	Hallo.
882000	883000	Hallo.
883000	884000	Hallo.
884000	885000	Hallo.
885000	886000	Hallo.
886000	887000	Hallo.
887000	888000	Hallo.
888000	889000	Hallo.
889000	890000	Hallo.
890000	891000	Hallo.
891000	892000	Hallo.
892000	921920	Das war die Vergangenheit von DJ Don und MC City.
921920	932680	Und der Beginn des FFM-Radios, doch nun wenden wir uns wieder der Gegenwart zu, der Lebensstrom
932680	933680	fließt weiter.
933680	945560	Also MC City, also mein Mikrofon ist in Wirklichkeit eins dieser Unimikros, das was ihr auch damals
945560	946560	bekommen habt.
946560	950480	Genau, die werden jährlich an die Jahrgangsbesten verliehen.
950480	955080	Das heißt also, dass meine Eltern vielleicht in dieser Uni sind, vielleicht waren das
955080	958200	auch Radiomoderatoren, die so ein Mikrofon bekommen haben.
958200	959200	Das kann sein.
959200	963560	Oh ja, und jetzt fahren wir zu der Uni und bald werde ich meine Eltern kennenlernen,
963560	965560	meine richtigen Eltern in dieser Uni.
965560	969200	Ja, ja, ich sehe es schon kommen, endlich werde ich in die Arme, meine Eltern fahren
969200	971680	und Glücklichkeit bis ans Ende meiner Tage.
971680	972680	Ganz ruhig, ganz ruhig.
972680	974760	Es ist nicht gesagt, dass sie überhaupt da sind.
974760	978520	Ja, du hast recht, aber die Möglichkeit besteht, die Möglichkeit, dass meine Eltern dann
978520	979520	dort sind.
979560	985080	Vielleicht, ich möchte dir nichts versprechen, ich werde glücklich, ich endlich glücklich.
985080	987800	Nur keine allzu großen hoffen, glücklich.
987800	993840	Oh, MC City, Morbol Pavlov, das habe ich mal im Fernsehen gesehen, das ist total hip
993840	995880	und total trendy bei uns jungen Leuten.
995880	996880	Kaufst du mir eins?
996880	998880	Nein, ich denke nicht.
998880	1000880	Aber, aber Morbol Pavlov.
1000880	1005720	Möchten Sie einen Morbol Pavlov?
1005720	1008880	Na ja, eigentlich hätte ich ja schon gern einen Morbol Pavlov, aber...
1009240	1012240	Nein, danke, wir kaufen nichts von Ihnen, danke.
1012240	1016240	Na gut, dann gehe ich in den nächsten Abteil.
1016240	1022240	Morbol Pavlov, gute, kühle Morbol Pavlov.
1022240	1025240	Tschüss, Happy New Year, tschüss.
1025240	1027240	Glaub mir, es ist besser so.
1029240	1033240	Wir erreichen Traversstown in wenigen Minuten.
1033240	1037240	Bitte in Fahrtrichtung links aussteigen.
1037600	1043600	Wir hoffen, Sie hatten eine angenehme Fahrt mit dem Doomtrain und freuen uns, Sie bald
1043600	1046600	wieder bei uns begrüßen zu dürfen.
1046600	1051600	Ihre nächsten Umsteigemöglichkeiten sind auf Gleis 30.
1051600	1059600	Und somit machten sich MC City und der Junge auf, die Radiouniversität zu besuchen.
1059960	1067960	Doch als sie ankamen, standen sie vor einem ausgebrannten, leeren, völlig schwarzen Gebäude.
1067960	1071960	Oh nein, nicht schon wieder, nicht schon wieder.
1071960	1074960	Ich dachte doch jetzt endlich, würde ich endlich mal meine Eltern finden.
1074960	1079960	Doch es kann doch nicht sein, dass ich mein ganzes Leben lang immer nur von einem leeren,
1079960	1081960	blöden Gebäude zum anderen renne.
1081960	1082960	Was ist hier passiert?
1082960	1084960	Wieso ist das ganze Ding abgebrannt?
1084960	1085960	Das kann doch gar nicht sein.
1086320	1089320	Wäre ich doch von meinem Mastophanten nachtisch geblieben.
1089320	1092320	Das muss nichts bedeuten, deine Eltern sind sicher noch im Leben.
1092320	1094320	Kupo, Kupo, eine neue Nachricht.
1094320	1095320	Kupo.
1095320	1096320	Ein Zeitungsmogret.
1096320	1097320	Eine neue Nachricht, Kupo.
1097320	1099320	Der gesuchte Verbrecher Shadow.
1099320	1101320	Kupo, er ist gefasst worden.
1101320	1102320	Shadow?
1102320	1103320	Der grausame Verbrecher Shadow.
1103320	1104320	Kupo, Kupo.
1104320	1105320	Shadow, jetzt beruhig dich mal.
1105320	1108320	Shadow, Shadow, ich fahre mit Shadow zusammen.
1108320	1109320	Shadow, den hab ich verloren.
1109320	1110320	Neue Nachrichten.
1110320	1111320	Neue Nachrichten.
1111320	1112320	Shadow.
1112320	1113320	Lass mich doch mal ausreden.
1113320	1114320	Der große Verbrecher Shadow.
1114320	1115320	Moment, eine Sekunde.
1115680	1116680	Entschuldigung, nicht kurz.
1116680	1117680	Ja, hallo?
1117680	1118680	Ja, ich bin's.
1118680	1119680	DJ Don.
1119680	1120680	DJ Don?
1120680	1121680	Bist du das etwa?
1121680	1122680	Was ist los?
1122680	1123680	Ich bin ja unter der Erde hier.
1123680	1124680	Ich versteh dich ganz schlecht.
1124680	1125680	Der große Verbrecher Kupo.
1125680	1126680	Er ist geschnappt.
1126680	1127680	Kupo, er ist gefangen.
1127680	1128680	Der große Verbrecher.
1128680	1129680	Er ist im Pflanzengefängnis.
1129680	1130680	Was?
1130680	1131680	Was?
1131680	1132680	Ich versteh's nicht.
1132680	1133680	Pandionier.
1133680	1134680	Er ist im Pflanzengefängnis.
1134680	1135680	Kupo.
1135680	1136680	Kupo.
1136680	1137680	Pandionier.
1137680	1138680	Pandionier.
1138680	1139680	Kupo.
1139680	1140680	Der große Verbrecher Shadow.
1140680	1141680	Kupo.
1141680	1142680	Hallo?
1142680	1143680	Hallo?
1144040	1145040	Hallo?
1145040	1146040	Hallo?
1146040	1147040	DJ Don?
1147040	1148040	Wo bist du?
1148040	1149040	Was ist mit dir passiert?
1149040	1150040	Helfen.
1150040	1151040	Weitergehen, Kupo.
1151040	1152040	Alle erzählen.
1152040	1153040	Kupo.
1153040	1154040	Kupo.
1154040	1155040	Kupo.
1155040	1156040	Kupo.
1156040	1157040	Kupo.
1157040	1158040	Kupo.
1158040	1159040	Kupo.
1159040	1160040	Kupo.
1160040	1161040	Kupo.
1161040	1162040	Kupo.
1162040	1163040	Kupo.
1163040	1164040	Kupo.
1164040	1165040	Kupo.
1165040	1166040	Kupo.
1166040	1167040	Kupo.
1167040	1168040	Kupo.
1168040	1169040	Kupo.
1169040	1170040	Kupo.
1170040	1171040	Kupo.
1171040	1172040	Kupo.
1172680	1176440	Oh nein, Shadow, der plant das in dem Gefängnis.
1177040	1177720	Pandonier.
1178320	1179840	Wie war das Pandonier, egal.
1179880	1182240	Ich muss, ich muss Shadow befreien.
1182240	1185040	Nur durch mich hätte er überhaupt in das Gefängnis gekommen.
1185040	1187080	MC Z, ich muss gehen.
1188040	1188760	��fastidon
1189720	1192000	Mist, die Verbindung ist unterbrochen worden.
1192000	1193320	MC Z, ich muss gehen.
1193320	1194320	Ich muss Shadow befreien.
1194320	1195500	Was ist mit DJ Don?
1195500	1196500	Egal.
1196500	1197500	Ich muss Shadow befreien!
1197500	1199800	Das war ein Anruf, DJ Don, ich muss den finden.
1199800	1201800	Ich muss ihm helfen, hat er glaub ich gesagt.
1201800	1203800	Was? Du musst zu DJ Don?
1203800	1205800	Pass auf, ich muss zu DJ Don.
1205800	1206800	Ich muss zu Shadow.
1206800	1208800	Es hilft nichts, wir müssen uns trennen.
1208800	1211800	MC Sid, es war schön dich kennengelernt zu haben.
1211800	1213800	Wir sehen uns auf jeden Fall wieder, da bin ich mir sicher.
1213800	1216800	Ja sicher, ich muss mich jetzt beeilen. Tschüss MC Sid, gute Reise.
1216800	1218800	Die Kraft des Mikros wird uns wieder zusammenführen.
1218800	1220800	Ja oder so ähnlich. Tschüss MC Sid.
1220800	1221800	Ich wünsche dir alles Gute.
1221800	1223800	Ja und macht wieder FFM Radio. Tschüss MC Sid.
1381800	1383800	Ja und macht wieder FFM Radio.
1471800	1473800	Ja und macht wieder FFM Radio.
1501800	1503800	FFM Radio
1531800	1548800	Wo geht es denn hin? Ich bin voll depp. Ich bin einfach losgelaufen, ohne zu wissen, wo überhaupt dieses Gefängnis liegt.
1549800	1556800	Vielleicht gehe ich am besten einfach geradeaus? Nee, vielleicht eher links, rechts?
1556800	1563800	Ich muss mich einfach auf die Erde konzentrieren und die Erde wird mir sagen, wo ich hin muss.
1563800	1568800	Oh Junge, pass auf, wo du hinläufst.
1568800	1573800	Oh, Sie sind doch der Pinguin aus dem Doomtrain, oder?
1573800	1578800	Ja, ja, ich bin Pavlov, schönem Pavlov, Mobile Pavlov.
1578800	1579800	Sie sind Pavlov?
1579800	1581800	Ja, ja, ich bin der Pavlov.
1581800	1582800	Der Mobile Pavlov Pavlov.
1582800	1585800	Ja, ja, ja, der bin ich.
1585800	1590800	Oh, wissen Sie vielleicht, wo das Gefängnis Pandioneer liegt?
1590800	1598800	Pandioneer, eine schöne Attraktion in dieser Nähe, eine Sehenswürdigkeit, aber auch eine gefährliche Ort.
1598800	1604800	Du solltest sehr aufpassen, dort hinzugehen, aber ich kann dir sagen, wie du dort hinkommst, kein Problem.
1604800	1607800	Ja super, wie denn, wo denn, wann denn?
1607800	1611800	Ja, aber hast du gewusst, es ist schwer bewacht, diese Gefängnis.
1611800	1612800	Ja gut, es ist ein Gefängnis.
1612800	1616800	Ja, wenn du dort gesehen wirst, wirst du sofort eingesperrt.
1616800	1621800	Nein, das will ich natürlich nicht. Ja, aber ich muss doch Shadow befreien, ich muss doch trotzdem hin.
1621800	1630800	Vielleicht kann ich mich einfach mit der Umwelt tarnen, indem ich mich so leise anstelle, als wäre ich blatt.
1630800	1638800	Oder ich könnte dir verkaufen einen netten Ausweis von der Blitz bei Polizei, welche die schöne Gefängnis bewacht.
1638800	1643800	Oh ja, aber ich habe leider gar kein Geld dabei, ich habe leider nichts.
1643800	1651800	Oh, das macht nichts. Ich schenke dir diesen Ausweis und du kannst einfach gehen hinein, ist kein Problem.
1651800	1655800	Ich werde schon auf meine Kosten kommen, keine Angst.
1655800	1662800	Aber die Blitz bei Polizei kennen mich vielleicht noch von damals, als sie dachten, dass ich diesen blauen Kristall geklaut habe.
1662800	1666800	Hätten sie vielleicht einen Hut oder einen Mantel oder sowas?
1667800	1676800	Du siehst sehr jung aus, mein Junge. Vielleicht wir können dich etwas älter machen, indem wir eine kleine Bart hier für dich, eine falsche Bart.
1676800	1680800	Das sieht gut aus. Lass doch, ja, ja, ja, perfekt.
1680800	1683800	Oh, der kratzt ganz schön. Ja, ein schöner Bart.
1683800	1692800	Aber du siehst ganz anders aus. Mit dem Marke von der Blitz bei Polizei und dem Bart. Sie werden dich nicht erkennen. Ist wie Pavlov.
1692800	1698800	Pavlov, du bist so klasse. Vielen Dank, Pavlov. Könnte ich vielleicht noch so ein Marble Pavlov geschenkt bekommen?
1698800	1700800	Junge, du solltest jetzt gehen.
1700800	1701800	Aber Marble Pavlov...
1701800	1707800	Strapazieren deine Glück nicht über, wir sagen in Pavlovland. Ist so. Geh nun, geh.
1707800	1714800	Okay, los. Shadow braucht meine Hilfe. Shadow, Shadow, ich werde dich retten. Mit meinem Bart und meinem Blitzball Wachenausweis.
1714800	1722800	Und so verkleidet machte der Junge sich auf den Weg zum gefährlichen Pflanzengefängnis Pandionera.
1728800	1739800	Es war gefährlich, denn es war groß, pflanzig und voller Dornen. Vor dem Gefängnis erwarteten schon die ersten Blitzballpolizeiwachen.
1739800	1744800	Tatütata, die Blitzballpolizei, wen haben wir denn da?
1744800	1761800	Ja, ich bin Professor Doktor Chocobo. Ich muss mich kümmern für die Psychoanalyse des Terroristen Shadow.
1764800	1767800	Tatütatana, auf den haben wir schon gewartet.
1767800	1770800	Komm herein, junger Mann, komm herein.
1770800	1772800	Ja, ja, ich komme rein.
1772800	1773800	Komm rein.
1773800	1777800	Alter den Dieb, er hat geklaut meinen Bart.
1777800	1781800	Nein, nein, der Bart ist echt, der Bart ist echt.
1781800	1787800	Nun Junge, dann lass uns mal schauen, ob dieser Bart echt ist. Lass uns schauen, ich ziehe daran...
1787800	1792800	Nein, nein, nein, nein, nein, nein.
1792800	1801800	Nanu, das ist ja der Junge, wir haben ihn schon gesucht. Komm herein, Junge, komm in unser Pflanzengefängnis.
1801800	1809800	Ich habe dir gesagt, ich werde meinen finanziellen Ausgleich haben. Ich date deswegen die Geld.
1822800	1826800	Ich habe dir gesagt, ich werde meinen finanziellen Ausgleich haben.
1826800	1830800	Ich habe dir gesagt, ich werde meinen finanziellen Ausgleich haben.
1830800	1834800	Ich habe dir gesagt, ich werde meinen finanziellen Ausgleich haben.
1834800	1838800	Ich habe dir gesagt, ich werde meinen finanziellen Ausgleich haben.
1838800	1842800	Ich habe dir gesagt, ich werde meinen finanziellen Ausgleich haben.
1842800	1847800	Ich habe dir gesagt, ich werde meinen finanziellen Ausgleich haben.
1847800	1851800	Ich habe dir gesagt, ich werde meinen finanziellen Ausgleich haben.
1851800	1855800	Ich habe dir gesagt, ich werde meinen finanziellen Ausgleich haben.
1855800	1859800	Ich habe dir gesagt, ich werde meinen finanziellen Ausgleich haben.
1859800	1863800	Ich habe dir gesagt, ich werde meinen finanziellen Ausgleich haben.
1863800	1867800	Ich habe dir gesagt, ich werde meinen finanziellen Ausgleich haben.
1867800	1872800	Ich habe dir gesagt, ich werde meinen finanziellen Ausgleich haben.
1872800	1875800	Eins, zwei, drei, schicke, schicke Schweine.
1875800	1902800	Quip, Proclum, IP,
1902800	1904800	Quip, Proclum, IP,
1904800	1906800	Quip, Proclum, IP,
1906800	1908800	Quip, Proclum, IP,
1908800	1910800	Quip, Proclum, IP,
1910800	1912800	Quip, Proclum, IP,
1912800	1914800	Quip, Proclum, IP,
1914800	1916800	Quip, Proclum, IP,
1916800	1918800	Quip, Proclum, IP,
1918800	1920800	Quip, Proclum, IP,
1920800	1922800	Quip, Proclum, IP,
1922800	1924800	Quip, Proclum, IP,
1924800	1926800	Quip, Proclum, IP,
1926800	1928800	Quip, Proclum, IP,
1928800	1930800	Quip, Proclum, IP,
1930800	1932800	Quip, Proclum, IP,
1932800	1934800	Quip, Proclum, IP,
1934800	1936800	Quip, Proclum, IP,
1936800	1938800	Quip, Proclum,
1938800	1940800	Quip, Proclum,
1940800	1942800	Quip, Proclum,
1942800	1944800	Quip, Proclum,
1944800	1946800	Quip, Proclum,
1946800	1948800	Quip, Proclum,
1948800	1950800	Quip, Proclum,
1950800	1952800	Quip, Proclum,
1952800	1954800	Quip, Proclum,
1954800	1956800	Quip, Proclum,
1956800	1958800	Quip, Proclum,
1958800	1960800	Quip, Proclum,
1960800	1962800	Quip, Proclum,
1962800	1964800	Quip, Proclum,
1964800	1966800	Quip Fresh,
1966800	1968800	Quip, Proclum,
1968800	1970800	Quip, Proclum,
1970800	1972800	Quip, Proclum,
1972800	1974800	Quip, Proclum,
1974800	1976800	Proclum,
1976800	1978800	Quip, Proclum,
1978800	1980800	Quip, Proclum,
1980800	1982800	Proclum
1982800	1984800	Trinkündigung,
1984800	1986800	People that want to buy
1986800	1989800	1, 2, 3, schicke, schicke Schweine
1991800	1994800	1, 2, 3, schicke, schicke Schweine
1996800	1999800	1, 2, 3, schicke, schicke Schweine
2001800	2004800	1, 2, 3, schicke, schicke Schweine
2007800	2010800	1, 2, 3, schicke, schicke Schweine
2013800	2015800	1, 2, 3, schicke, schicke Schweine
2017800	2021800	1, 2, 3, schicke, schicke Schweine
2024800	2027800	1, 2, 3, schicke, schicke Schweine
2029800	2032800	1, 2, 3, schicke, schicke Schweine
2035800	2041800	Achtung, Achtung! Es gibt alle Löhne, die der Herz des Frauens gebrochen hat.
2042800	2046800	Es wurde einem wie fair gegeben, Snake-Sammel zu sammeln.
2046800	2053800	Unditor, oder versuchen die Leid auf den Schweinen in die Menschen in Verwandten.
2053800	2056800	Und nicht mehr anlügen, diejenigen, die euch leid haben.
2062800	2064800	Ach, Shadow, was machen wir denn jetzt?
2064800	2070800	Die wollen uns hinrichten, wir müssen doch... Das kann doch gar nicht sein, wir haben doch gar nichts getan.
2070800	2075200	Shadow, sag doch was! Du bist immer so schweigsam!
2075200	2077200	Wie kann man denn mit dir reden?
2077200	2082400	Wenn ich nicht angekältet wäre, dann hätte ich von links deine Exekution übernommen.
2082400	2085600	Jetzt sag doch sowas nicht! Das meinst du doch wirklich nicht so!
2085600	2089400	Ach, schau nur! Meine Haut wird ganz porös! Nur Wasser und Brot!
2089400	2093400	Das ist nichts für meine Küsschenhaut! Wie kann die sich denn so entfalten?
2093400	2095400	Ich vertrockne hier noch ganz!
2095400	2098000	Ich wünschte, du würdest endlich!
2098000	2101800	Warum bist du so gemein? Tu doch mal etwas Produktives!
2101800	2106600	Du hast doch bestimmt eine ganz tolle Idee, einen Fluchtplan oder soetwas!
2108600	2112600	Man kann sich wirklich bessere Konversationspartner wünschen!
2114600	2117600	Die Blitzballpolizei ist da!
2119600	2122600	Ein neuer Gefangener!
2123600	2127600	Viel Spaß, ihr Süßen! Tschüss!
2128600	2131600	Nanü? Wer bist du denn?
2131600	2133600	Küsschen?
2133600	2135600	Die kenne ich doch! Dich habe ich doch schon mal irgendwo gesehen!
2135600	2137600	Natürlich! Ich bin doch der junge Frau!
2137600	2139600	Du warst doch dieser kleine hässliche Junge, der so schlecht gesungen hat!
2139600	2141600	Ja, jetzt weiß ich wieder!
2141600	2143600	Ich habe überhaupt nicht schlecht gesungen!
2143600	2145600	Du warst das natürlich!
2145600	2148600	Und wenn das Küsschen ist, dann ist doch vielleicht auch Shadow in der Nähe!
2148600	2151600	Ah, Junge! Endlich sehen wir uns wieder!
2152200	2156200	Shadow, ich habe dich einfach in Castle of the Soul allein gelassen!
2156200	2158200	Es tut mir so wahnsinnig leid!
2158200	2160200	Shadow, es tut mir leid!
2160200	2162200	Wie bist du hierher gekommen? Aber du bist doch Shadow!
2162200	2165200	Warum hast du sie nicht einfach mit deinen Kung-Fu-Tricks überwältigt?
2165200	2167200	Es waren einfach zu viele!
2167200	2171200	Nach den ersten 30 haben sie mich doch überrannt!
2171200	2174200	Ach, Shadow, ich freue mich so sehr, dich wiederzusehen!
2174200	2177200	Junge, geh weg!
2177200	2180200	Shadow, ich lasse dich nie wieder allein!
2180200	2183200	Ich bin so froh, dass ich dich endlich wiedergefunden habe!
2183200	2184200	Ach, Shadow!
2184200	2186200	Ach Gott, ist das schön!
2186200	2190200	Tatütata! Der Direktor möchte euch sehen!
2190200	2191200	Wieso das denn?
2191200	2192200	Der Direktor?
2192200	2194200	Der Gefängnisdirektor!
2194200	2197200	Dann lasst uns mal hören, was er uns zu sagen hat!
2198200	2201200	Herzlich willkommen, meine Gefangenen!
2201200	2205200	Ich bin Direktor Adelbert Steiner!
2205200	2210200	Und ich habe euch ein Angebot zu machen, das ihr nicht ausschlagen könnt!
2210200	2213200	Wie ein Angebot, das wir nicht ausschlagen können?
2213200	2222200	Entweder ihr tretet in einem Kampf um Leben und Tod in meine Gladiatorin-Arena an!
2222200	2225200	Gegen ein riesiges Ungeheuer!
2225200	2229200	Oder ihr werdet morgen exekutiert!
2229200	2232200	Exekutiert? Ich will nicht exekutiert werden!
2232200	2234200	Shadow, ich will nicht exekutiert werden, nein!
2234200	2236200	Komm, lass uns diesen Arena-Kampf machen!
2236200	2240200	Du kannst sicherlich das Monster abmetzeln mit deinen Kung-Fu-Kicks!
2240200	2242200	Aber wir können doch gar nicht kämpfen!
2242200	2243200	Shadow kann!
2243200	2245200	Dann los, lasst es uns tun!
2245200	2248200	Wer hat dir das Ungeheuer gesagt?
2249200	2255200	Und so wurden der Junge, Shadow und das Küsschen in die Arena abgeführt.
2255200	2265200	Auf den Bänken in den Zuschauer-Rängen saßen alle Insassen und erwarteten, dass die Gefangenen zerfleischt werden würden.
2271200	2273200	Mögen die Spiele beginnen!
2278200	2282200	Oh mein Gott, das klingt jetzt wirklich riesengroß!
2282200	2285200	Oh man, ich hab doch solche Geräusche schon mal gehört!
2285200	2287200	Ich glaub, ich weiß was das ist, das ist doch...
2287200	2289200	Das hört sich doch an mit Verlust in Master Fund!
2289200	2291200	Ja stimmt, das ist Master Fund, das sind so kleine, süße Wesen!
2291200	2294200	Los, öffnet das Tor!
2299200	2301200	Aber doch nicht in dieser Größe!
2301200	2305200	Ich weiß ja auch nicht, der ist ziemlich struppig und riesig und schleimig!
2305200	2309200	Los, komm her Baby, ich zeig dir, wo der Hammer hängt!
2309200	2312200	Du kannst doch niemals mit so einer riesigen Bestie aufnehmen!
2312200	2314200	Ich kann alles was ich kann!
2314200	2318200	Ja, ich glaube an dich Shadow, du kannst alles was du kannst, ja!
2318200	2320200	Da kann ich gar nicht hin sehen!
2323200	2326200	Oh Gott, oh Gott, der Master Fund hat mich in Visier genommen!
2326200	2328200	Oh nein, Master Fund!
2328200	2330200	Nein, der Master Fund!
2333200	2335200	Ruhig, ruhig, ruhig!
2335200	2337200	Nein, nein, ist auch kalt!
2337200	2339200	Nimm mal auf, abzuschlecken!
2341200	2343200	Diese Zunge, ich kenn dich doch!
2343200	2345200	Bist du, du bist doch...
2345200	2347200	Bist du Nachtisch?
2347200	2349200	Mein Master Fund?
2351200	2353200	Nachtisch, Nachtisch!
2353200	2356200	Oh Mann, ich hab dich so vermisst Nachtisch!
2356200	2360200	Komm her, komm her, lass dich knuddeln Nachtisch!
2360200	2363200	Nachtisch, Nachtisch!
2363200	2365200	Wie bist du hierher gekommen Nachtisch?
2365200	2367200	Das ist ja unglaublich!
2367200	2370200	Nachtisch, das also ist wahre Liebe!
2370200	2373200	Was ist das denn für ein Unfug hier?
2373200	2376200	Der Master Fund sollte euch zerfleischen!
2376200	2378200	Und nicht euch abschlecken!
2378200	2380200	Aber das ist Nachtisch, mein Master Fund!
2380200	2382200	Das ist nicht irgendein Master Fund!
2382200	2385200	Das ist Nachtisch, das ist mein Lieblingsnachtisch!
2385200	2387200	Er ist mir bis hierher gefolgt, hat mich total lieb!
2387200	2390200	Und das heißt wir haben jetzt gewonnen, weil wir uns lieb haben!
2390200	2392200	Die Liebe hat gewonnen, ja!
2392200	2397200	Ich habe dieses Drecksvieh von klein auf zu einer Kampfmaschine erzogen!
2397200	2399200	Und was macht das jetzt hier?
2399200	2402200	Los, sperrt sie alle wieder in den Kerker!
2402200	2407200	Aber du hast doch gesagt, wenn wir den Kampf gewinnen, dann lässt er uns frei oder so?
2407200	2408200	Wachen!
2408200	2414200	Stellt dieses unnütze Drecksvieh ruhig und sperrt ihn wieder in seine Zelle!
2414200	2417200	Tatütata, mach den fertig!
2417200	2418200	Nein!
2418200	2419200	Rastisch!
2419200	2420200	Rastisch!
2420200	2421200	Ich flick da gar nicht mehr durch!
2478200	2480200	Ich flick da gar nicht mehr durch!
2480200	2482200	Ich flick da gar nicht mehr durch!
2482200	2484200	Ich flick da gar nicht mehr durch!
2484200	2486200	Ich flick da gar nicht mehr durch!
2486200	2488200	Ich flick da gar nicht mehr durch!
2488200	2490200	Ich flick da gar nicht mehr durch!
2490200	2492200	Ich flick da gar nicht mehr durch!
2492200	2494200	Ich flick da gar nicht mehr durch!
2494200	2496200	Ich flick da gar nicht mehr durch!
2496200	2498200	Ich flick da gar nicht mehr durch!
2498200	2500200	Ich flick da gar nicht mehr durch!
2500200	2502200	Ich flick da gar nicht mehr durch!
2502200	2504200	Ich flick da gar nicht mehr durch!
2504200	2506200	Ich flick da gar nicht mehr durch!
2506200	2512200	Ich flick da gar nicht mehr durch!
2536200	2549100	healing
2549100	2553440	Jesus Christ
2553440	2557640	das?.
2557640	2564040	Stimmt die Frage.
2564040	2573440	Frau Schven obtained eine Schöne.
2573440	2583440	In der tiefen Dunkelheit, wo es kälter ist,
2584440	2595440	wurde eine blaue Stimme geboren und blieb ruhig.
2595440	2607440	Ah, ich möchte diesen Moment erzählen.
2608440	2620440	Ah, ich möchte jemandem erzählen.
2625440	2652440	Lass mich raus! Lass mich raus!
2652440	2654440	Lass mich raus! Ich will zu meinem Nachtisch!
2654440	2656440	Ich hab endlich Nachtisch wieder gefunden!
2656440	2658440	Lass mich raus! Ich will zu meinem Nachtisch!
2658440	2661440	Junge, spar dir deine Kräfte!
2661440	2662440	Mein Gott, mein Gott, was machen wir denn jetzt?
2662440	2664440	Aber Shadow, wir müssen doch irgendwas tun.
2664440	2666440	Wir müssen doch hier irgendwie wieder rauskommen.
2666440	2668440	Ich muss doch noch meine Eltern finden.
2668440	2670440	Und MC Cid muss noch DJ Don finden.
2670440	2672440	Ich muss doch auch ihm helfen, DJ Don zu finden.
2672440	2674440	Ich muss doch hier raus, Shadow!
2674440	2676440	Um aus dem Gefängnis zu entfliehen,
2676440	2681440	müssten wir erst den Kristall im Herzen des Gefängnisses entwenden.
2681440	2686440	Ohne diesen ist das Gefängnis durchgängig durch ein Reflektorschild geschützt,
2686440	2689440	welches niemanden ein- oder auslässt.
2689440	2692440	Was, ein Kristall? Schon wieder ein Kristall?
2692440	2693440	Ein Kristall?
2693440	2694440	Was ist denn für ein Kristall?
2694440	2696440	Was ist denn für ein Kristall?
2696440	2701440	Es handelt sich hierbei um den grünen Kristall.
2701440	2705440	Den grünen Kristall? Was sind das alles eigentlich für Kristalle?
2705440	2707440	Das ist ein Reflektorschild.
2707440	2709440	Hört ihr das?
2710440	2713440	Schreie, laute Grunzen.
2713440	2715440	Ist das Nachtisch?
2715440	2718440	Nachtisch? Nachtisch, bist du vor der Tür?
2719440	2721440	Wie er bebt?
2722440	2724440	Nachtisch, du bist einfach zu dem Land.
2725440	2727440	Überall Staub.
2727440	2729440	Nachtisch.
2729440	2731440	Nachtisch hat uns befreit.
2733440	2735440	Ja, Nachtisch, ich trau mich ja auch nicht zu sehen.
2736440	2739440	Das ist ja ekelhaft. Was machen wir denn jetzt, Shadow?
2739440	2742440	Los, steigt auf, wie war sein Name? Nachtisch?
2742440	2743440	Nachtisch, ja.
2743440	2746440	Und lasst uns den grünen Kristall suchen.
2746440	2748440	Okay, los.
2748440	2752440	Christian, du könntest ja hierbleiben, wenn du willst.
2752440	2754440	Ihr wollt mich doch nicht einfach alleine lassen.
2754440	2757440	Nein, natürlich nicht. Komm, Christian, komm mit.
2757440	2759440	Hochzeitang.
2760440	2765440	Und so stiegen der junge Shadow und das Küsschen
2765440	2770440	auf den Rücken des riesig gewordenen Mastofanten.
2771440	2774440	Die Insassen waren entkommen aus ihrem Zellen.
2774440	2777440	Überall herrschte Panik.
2777440	2784440	Wärter rannten herum und versuchten wieder Ordnung in die Chaos zu bringen.
2785440	2791440	Der Mastofant rannte durch das unübersichtliche Pflanzengefängnis
2791440	2797440	und führte die drei auf direktem Weg zum Raum des grünen Kristalls.
2798440	2805440	Junge, dort siehst du den Kristall leuchtend, von dem ich dir erzählt habe.
2805440	2807440	Ein grüner Kristall?
2807440	2813440	Nun, nutze deine Macht, die dir durch das Mikrofon verliehen wurde
2813440	2819440	und ergreife ihn, damit wir endlich aus diesem Gefängnis entkommen können.
2819440	2821440	Pass auf, der sieht gefährlich aus.
2821440	2822440	Aber was der für eine Macht, Shadow?
2822440	2824440	Für Erklärung ist keine Zeit.
2824440	2829440	Das Mikrofon beschützt dich beim Ergreifen des Kristalls.
2829440	2832440	Ansonsten würdest du vernichtet werden.
2832440	2836440	Okay, Shadow, ich hab zwar keine Ahnung, von was du da redest, aber...
2837440	2839440	Na dann...
2840440	2843440	Soll ich wirklich diesen Kristall rausholen?
2844440	2847440	Okay, Nachtisch, auf dich ist Verlass.
2847440	2848440	Ich kann gar nicht hinsehen.
2848440	2851440	Okay, also ich fass jetzt den Kristall an.
2852440	2852840	Wie śk
2857440	2858440	...
2864440	2865440	Mir...
2866440	2868440	Was? Was? Was wäre das für ein grünes Licht?
2869440	2872440	Der Kristall! Der Kristall ist in meiner Hand!
2872440	2873440	Ich hab den Kristall!
2873440	2874440	Können ich wieder hingucken?
2874440	2877440	Ja, ja Küsschen, hab' ich's geschafft, Shadow?
2877440	2879440	Das Reflektor-Schild ist nur ein Rumm.
2879440	2886320	Das reflektor schild ist nun runter gefahren jetzt lasst uns hier raus entkommen los nachtisch
2890320	2894940	Die drei helden ritten auf dem mastufanten aus dem gefängnis heraus
2896240	2900120	Vor den toren stand der direktor des gefängnisses
2901760	2903760	Ihr kleinen wichte
2904320	2908560	Ihr wollt fliehen aus dem wald ich bin der wald
2909880	2911880	pandioneer
2911880	2913880	Hüter des Waldes
2913880	2915880	Nimm sie auseinander
2920720	2924440	Pandioneer war ein riesiges lebendes pflanzengefängnis
2925360	2931160	Dass seine insassen gefangen hielt und durch schreckliche tentakel in schach hielt
2931440	2938560	Diese kamen nun aus dem boden geschossen und griffen shadow den jungen und das küsschen
2948640	2950640	Meine große liebe
2952560	2956920	Pandioneer du bist ja du lebst
2957920	2960560	Du bist ja richtig
2963840	2968200	Seiner vollkommenheit ergibt sich eine blüte des lebens
2970760	2973840	Ruhig und kämpft das fiebel und vernichten
2977880	2984960	Und als das lebendige pflanzengefängnis pandioneer zum tödlichen schlag aus holte
2985840	2988960	Aktivierte sich plötzlich das mikrofon des jungen
2991680	2998200	Ein gleißendes licht überflutete den kampfplatz und da geschah es das pflanzengefängnis
2999120	3002160	pandioneer begann zu verfaulen und zu verrotten
3002920	3004040	langsam
3004040	3008360	Verdorte es bis nur noch ein häufe ein erde übrig war
3009040	3011040	Verdammt wie konnte das geschehen
3011840	3013240	ihr drei
3013320	3015320	Wir sehen uns wieder
3030800	3034320	Es wollte uns doch küschen küschen wir haben es geschafft
3034320	3036960	Komm her
3064320	3066320	Zu deinen vogaltoren bringen ja
3068800	3072440	Jetzt sei endlich ruhig und hör mir noch ein letztes mal zu
3076000	3078680	Denk immer daran aus großer
3080680	3083720	Macht folgt auch immer große
3085640	3087640	Verantwortung
3088240	3090280	Wir müssen jetzt
3090280	3093040	Junge du musst fliehen der wald
3094240	3096240	Versteinert gleich steinert
3096440	3100920	Nein ich werde dich nicht zurücklassen wir schaffen das jetzt flieh du nach
3101320	3104960	Wie shadow es angekündigt hatte begann der wald
3105520	3110720	Plötzlich sich zu verändern er wurde grau und alles was in ihm war
3111560	3115200	Versteinert der mastofan spürte die nahende gefahr
3116080	3119080	Nahm den jungen gegen seinen willen auf
3124200	3127960	Rand mit ihm davon nur shadow blieb am boden
3128560	3133400	Und das küsschen blieb bei den überresten seines geliebten pandioneer
3137280	3139280	Nein
3140000	3142000	Ich muss auch schäden
3145200	3150280	Ich will noch jemanden verlieren im letzten moment bevor der wald endgültig
3150600	3152040	Versteinert war
3152040	3157320	erreichten der mastofan und der junge das ende des waldes
3160280	3162280	Das war
3163280	3165280	Das war knapp
3165960	3167960	Haar scharf
3168800	3170320	Der wald
3170320	3172320	versteinert shadow
3173040	3174640	steinert
3174640	3175640	Nein
3175640	3180000	Shadow ist tot nein nicht schon wieder ich habe schon wieder mist gebaut
3181960	3188920	Nein nicht ich habe miss gebaut dieser direktor dieser blöde direktor der war schuld
3190040	3197600	Ich werde mich an diesem direktor rächen ich werde ihm ich werde ihm meinen schmerz spüren lassen rache für shadow
3198960	3201920	Ich werde ihm meinen schmerz spüren lassen rache für shadow
3201920	3203920	Ich werde ihm meinen schmerz spüren lassen rache für shadow
3203920	3205920	Ich werde ihm meinen schmerz spüren lassen rache für shadow
3205920	3207920	Ich werde ihm meinen schmerz spüren lassen rache für shadow
3207920	3209920	Ich werde ihm meinen schmerz spüren lassen rache für shadow
3209920	3211920	Ich werde ihm meinen schmerz spüren lassen rache für shadow
3211920	3213920	Ich werde ihm meinen schmerz spüren lassen rache für shadow
3213920	3215920	Ich werde ihm meinen schmerz spüren lassen rache für shadow
3215920	3217920	Ich werde ihm meinen schmerz spüren lassen rache für shadow
3217920	3219920	Ich werde ihm meinen schmerz spüren lassen rache für shadow
3219920	3221920	Ich werde ihm meinen schmerz spüren lassen rache für shadow
3221920	3223920	Ich werde ihm meinen schmerz spüren lassen rache für shadow
3223920	3225920	Ich werde ihm meinen schmerz spüren lassen rache für shadow
3225920	3227920	Ich werde ihm meinen schmerz spüren lassen rache für shadow
3227920	3229920	Ich werde ihm meinen schmerz spüren lassen rache für shadow
3229920	3231920	Ich werde ihm meinen schmerz spüren lassen rache für shadow
3231920	3233920	Ich werde ihm meinen schmerz spüren lassen rache für shadow
3233920	3235920	Ich werde ihm meinen schmerz spüren lassen rache für shadow
3235920	3237920	Ich werde ihm meinen schmerz spüren lassen rache für shadow
3237920	3239920	Ich werde ihm meinen schmerz spüren lassen rache für shadow
3239920	3241920	Ich werde ihm meinen schmerz spüren lassen rache für shadow
3241920	3243920	Ich werde ihm meinen schmerz spüren lassen rache für shadow
3243920	3245920	Ich werde ihm meinen schmerz spüren lassen rache für shadow
3245920	3247920	Ich werde ihm meinen schmerz spüren lassen rache für shadow
3247920	3249920	Ich werde ihm meinen schmerz spüren lassen rache für shadow
3249920	3251920	Ich werde ihm meinen schmerz spüren lassen rache für shadow
3251920	3253920	endangered
3271920	3274920	The Spirit is over town
3274920	3278920	waiting for me to hit the floor
3278920	3284920	Blooming white sky for the voice of one gone tonight
3286920	3293920	The night fades, the red crown, the red crown around your door
3293920	3299920	Time scattering the seas of the morning daylight
3308920	3313920	Blooming white sky for the voice of one gone tonight
3313920	3321920	Ich bin Bogenhagen, übrigens ich habe einen Bart
